Difficulty,Question,Answer
,What are collections in Java?,A general data structure that contains Objects. Also the name of the API
,What are the interfaces in the Collections API?,"Iterable, Collection, List, Queue, Set, Map, SortedSet, SortedMap"
,What is the difference between a `Set` and a `List`?,`Set` does not allow duplicates (its members are unique)
,What is the difference between a `Array` and an `ArrayList`?,"An array is static and its size cannot be changed, but an ArrayList can grow/shrink"
,What is the difference between `ArrayList` and `Vector`?,`Vector` is synchronized whereas `ArrayList` is not.
,What is the difference between `TreeSet` and `HashSet`?,The two general purpose `Set` implementations are `HashSet` and `TreeSet`. `HashSet` is much faster (constant time versus log time for most operations) but offers no ordering guarantees.
,What is the difference between HashTable and HashMap?,"a. `Hashtable` is synchronized whereas `Hashmap` is not.
b. `Hashmap` permits `null` values and the `null` key."
,Are Maps in the Collections API?,"Yes, but they do not implement `Collection` or `Iterable` interfaces"
