Difficulty,Category,Question,Answer
,Exceptions,Do you need a catch block? Can have more than 1? Order of them?,"Catch block is not necessary - try/finally will compile. You can have more than one catch block, but the order must be from most narrow exception to most broad/general."
,Exceptions,What is base class of all exceptions? What interface do they all implement?,"The base class is `Exception`, which implements the `Throwable` interface"
,Exceptions,List some checked and unchecked exceptions?,"Checked - `IOException`, `ClassNotFoundException`, `InterruptedException`
Unchecked - `ArithmeticException`, `ClassCastException`, `IndexOutOfBoundsException`, `NullPointerException`"
,Exceptions,`throw` vs `throws` vs `Throwable`?,"`Throwable` - the root interface of exceptions, allow a class to be ""thrown""
`throws` - keyword in method signature after params that declare which exception the method might throw
`throw` - the keyword that will actually ""throw"" an exception in code"
